{
  "DSCF0397.JPG": {
    "a8": [
      2018.470703125,
      612.0164794921875
    ],
    "b8": [
      2384.8515625,
      622.2498779296875
    ],
    "c8": [
      2750.052734375,
      632.4503173828125
    ],
    "d8": [
      3114.080322265625,
      642.617919921875
    ],
    "e8": [
      3476.939697265625,
      652.7529296875
    ],
    "f8": [
      3838.63623046875,
      662.85546875
    ],
    "g8": [
      4199.17578125,
      672.9256591796875
    ],
    "h8": [
      4558.564453125,
      682.9637451171875
    ],
    "a7": [
      2007.3106689453125,
      975.198974609375
    ],
    "b7": [
      2375.383056640625,
      984.890869140625
    ],
    "c7": [
      2742.264892578125,
      994.5513916015625
    ],
    "d7": [
      3107.962158203125,
      1004.1807250976562
    ],
    "e7": [
      3472.48046875,
      1013.7789916992188
    ],
    "f7": [
      3835.82568359375,
      1023.3463745117188
    ],
    "g7": [
      4198.00341796875,
      1032.883056640625
    ],
    "h7": [
      4559.01904296875,
      1042.38916015625
    ],
    "a6": [
      1996.048095703125,
      1341.7196044921875
    ],
    "b6": [
      2365.827392578125,
      1350.859619140625
    ],
    "c6": [
      2734.405517578125,
      1359.9698486328125
    ],
    "d6": [
      3101.787841796875,
      1369.050537109375
    ],
    "e6": [
      3467.980712890625,
      1378.1019287109375
    ],
    "f6": [
      3832.989501953125,
      1387.1239013671875
    ],
    "g6": [
      4196.81982421875,
      1396.1168212890625
    ],
    "h6": [
      4559.47802734375,
      1405.080810546875
    ],
    "a5": [
      1984.6815185546875,
      1711.62451171875
    ],
    "b5": [
      2356.183837890625,
      1720.2020263671875
    ],
    "c5": [
      2726.473876953125,
      1728.75146484375
    ],
    "d5": [
      3095.556884765625,
      1737.2730712890625
    ],
    "e5": [
      3463.439453125,
      1745.7669677734375
    ],
    "f5": [
      3830.127197265625,
      1754.233154296875
    ],
    "g5": [
      4195.6259765625,
      1762.6719970703125
    ],
    "h5": [
      4559.94091796875,
      1771.08349609375
    ],
    "a4": [
      1973.2095947265625,
      2084.9609375
    ],
    "b4": [
      2346.451171875,
      2092.965087890625
    ],
    "c4": [
      2718.46875,
      2100.94287109375
    ],
    "d4": [
      3089.2685546875,
      2108.89453125
    ],
    "e4": [
      3458.8564453125,
      2116.8203125
    ],
    "f4": [
      3827.238525390625,
      2124.72021484375
    ],
    "g4": [
      4194.42041015625,
      2132.59423828125
    ],
    "h4": [
      4560.408203125,
      2140.44287109375
    ],
    "a3": [
      1961.630615234375,
      2461.776611328125
    ],
    "b3": [
      2336.627685546875,
      2469.1962890625
    ],
    "c3": [
      2710.389404296875,
      2476.591552734375
    ],
    "d3": [
      3082.921875,
      2483.96240234375
    ],
    "e3": [
      3454.231201171875,
      2491.30908203125
    ],
    "f3": [
      3824.3232421875,
      2498.6318359375
    ],
    "g3": [
      4193.2041015625,
      2505.930419921875
    ],
    "h3": [
      4560.8798828125,
      2513.205078125
    ],
    "a2": [
      1949.943359375,
      2842.120849609375
    ],
    "b2": [
      2326.71240234375,
      2848.944580078125
    ],
    "c2": [
      2702.234619140625,
      2855.74609375
    ],
    "d2": [
      3076.515869140625,
      2862.52490234375
    ],
    "e2": [
      3449.562744140625,
      2869.28125
    ],
    "f2": [
      3821.381103515625,
      2876.015625
    ],
    "g2": [
      4191.9765625,
      2882.727783203125
    ],
    "h2": [
      4561.35595703125,
      2889.417724609375
    ],
    "a1": [
      1938.14599609375,
      3226.04296875
    ],
    "b1": [
      2316.7041015625,
      3232.259521484375
    ],
    "c1": [
      2694.00341796875,
      3238.45556640625
    ],
    "d1": [
      3070.050048828125,
      3244.630859375
    ],
    "e1": [
      3444.8505859375,
      3250.78564453125
    ],
    "f1": [
      3818.4111328125,
      3256.920166015625
    ],
    "g1": [
      4190.73779296875,
      3263.034423828125
    ],
    "h1": [
      4561.83642578125,
      3269.128662109375
    ]
  }
}