{
  "format_version": 1,
  "calibrated_at": "2026-02-27T13:24:59.025589",
  "transit": {
    "shoulder_pan.pos": -4.619861767915594,
    "shoulder_lift.pos": -16.915570640644887,
    "elbow_flex.pos": 9.025270758122744,
    "wrist_flex.pos": 75.66638005159072,
    "wrist_roll.pos": -2.17338217338218
  },
  "squares": {
    "f3": {
      "shoulder_pan.pos": 4.474354310658413,
      "shoulder_lift.pos": 5.231226134917279,
      "elbow_flex.pos": -27.707581227436833,
      "wrist_flex.pos": 85.46861564918316,
      "wrist_roll.pos": -3.589743589743591
    },
    "b5": {
      "shoulder_pan.pos": -9.130592942888327,
      "shoulder_lift.pos": -41.438268985999144,
      "elbow_flex.pos": 22.021660649819495,
      "wrist_flex.pos": 93.4651762682717,
      "wrist_roll.pos": -6.373626373626379
    },
    "b6": {
      "shoulder_pan.pos": -18.515823935976712,
      "shoulder_lift.pos": -41.09885447602885,
      "elbow_flex.pos": 26.62454873646209,
      "wrist_flex.pos": 91.31556319862423,
      "wrist_roll.pos": -28.35164835164835
    },
    "h7": {
      "shoulder_pan.pos": -14.077846489632591,
      "shoulder_lift.pos": 14.819686041578265,
      "elbow_flex.pos": -34.11552346570397,
      "wrist_flex.pos": 63.80051590713671,
      "wrist_roll.pos": -37.77777777777778
    },
    "d5": {
      "shoulder_pan.pos": -5.856675154601675,
      "shoulder_lift.pos": -21.243105642766224,
      "elbow_flex.pos": 8.935018050541515,
      "wrist_flex.pos": 82.97506448839209,
      "wrist_roll.pos": -25.518925518925514
    },
    "a2": {
      "shoulder_pan.pos": 26.227719170607486,
      "shoulder_lift.pos": -47.63258379295715,
      "elbow_flex.pos": 30.324909747292423,
      "wrist_flex.pos": 94.84092863284607,
      "wrist_roll.pos": -1.1965811965811923
    },
    "e6": {
      "shoulder_pan.pos": -11.458712259003278,
      "shoulder_lift.pos": -11.060670343657193,
      "elbow_flex.pos": -2.7978339350180477,
      "wrist_flex.pos": 79.62166809974204,
      "wrist_roll.pos": -30.158730158730165
    },
    "h2": {
      "shoulder_pan.pos": 7.60276464168787,
      "shoulder_lift.pos": 8.540517607127711,
      "elbow_flex.pos": -22.021660649819495,
      "wrist_flex.pos": 54.170249355116084,
      "wrist_roll.pos": -21.85592185592185
    },
    "c1": {
      "shoulder_pan.pos": 24.699890869407042,
      "shoulder_lift.pos": -27.607127704709384,
      "elbow_flex.pos": 15.70397111913357,
      "wrist_flex.pos": 78.24591573516767,
      "wrist_roll.pos": -5.152625152625163
    },
    "h8": {
      "shoulder_pan.pos": -17.206256820662063,
      "shoulder_lift.pos": 22.965634280865487,
      "elbow_flex.pos": -50.541516245487365,
      "wrist_flex.pos": 71.62510748065347,
      "wrist_roll.pos": -38.75457875457875
    },
    "b1": {
      "shoulder_pan.pos": 29.065114587122594,
      "shoulder_lift.pos": -23.44929995757319,
      "elbow_flex.pos": 11.010830324909747,
      "wrist_flex.pos": 88.5640584694755,
      "wrist_roll.pos": -1.5873015873015959
    },
    "b2": {
      "shoulder_pan.pos": 21.716987995634767,
      "shoulder_lift.pos": -31.086126431904958,
      "elbow_flex.pos": 17.4187725631769,
      "wrist_flex.pos": 89.59587274290627,
      "wrist_roll.pos": -6.862026862026866
    },
    "f7": {
      "shoulder_pan.pos": -16.333212077118958,
      "shoulder_lift.pos": 0.47942299533303867,
      "elbow_flex.pos": -15.252707581227426,
      "wrist_flex.pos": 74.46259673258814,
      "wrist_roll.pos": -31.965811965811966
    },
    "f5": {
      "shoulder_pan.pos": -6.220443797744636,
      "shoulder_lift.pos": -5.884599066610093,
      "elbow_flex.pos": -10.559566787003604,
      "wrist_flex.pos": 76.8701633705933,
      "wrist_roll.pos": -27.374847374847377
    },
    "a3": {
      "shoulder_pan.pos": 19.898144779919974,
      "shoulder_lift.pos": -55.6936784047518,
      "elbow_flex.pos": 35.74007220216606,
      "wrist_flex.pos": 99.3121238177128,
      "wrist_roll.pos": -8.669108669108667
    },
    "c4": {
      "shoulder_pan.pos": 1.855220080029099,
      "shoulder_lift.pos": -34.649978786593124,
      "elbow_flex.pos": 21.119133574007208,
      "wrist_flex.pos": 86.50042992261393,
      "wrist_roll.pos": -27.179487179487182
    },
    "f2": {
      "shoulder_pan.pos": 11.676973444889043,
      "shoulder_lift.pos": 14.480271531607968,
      "elbow_flex.pos": -43.41155234657039,
      "wrist_flex.pos": 92.34737747205503,
      "wrist_roll.pos": -20.537240537240535
    },
    "e1": {
      "shoulder_pan.pos": 19.02510003637687,
      "shoulder_lift.pos": 1.1582520152736464,
      "elbow_flex.pos": -21.29963898916968,
      "wrist_flex.pos": 88.82201203783319,
      "wrist_roll.pos": -15.702075702075703
    },
    "g2": {
      "shoulder_pan.pos": 9.348854128774107,
      "shoulder_lift.pos": 6.164616037335591,
      "elbow_flex.pos": -22.382671480144396,
      "wrist_flex.pos": 69.04557179707652,
      "wrist_roll.pos": -16.97191697191697
    },
    "d7": {
      "shoulder_pan.pos": -19.752637322662792,
      "shoulder_lift.pos": -23.19473907509547,
      "elbow_flex.pos": 13.176895306859223,
      "wrist_flex.pos": 75.32244196044712,
      "wrist_roll.pos": -30.842490842490847
    },
    "e5": {
      "shoulder_pan.pos": -6.293197526373234,
      "shoulder_lift.pos": -8.260500636402213,
      "elbow_flex.pos": -5.8664259927797815,
      "wrist_flex.pos": 83.66294067067926,
      "wrist_roll.pos": -26.251526251526244
    },
    "d6": {
      "shoulder_pan.pos": -13.49581666060385,
      "shoulder_lift.pos": -14.20025456088247,
      "elbow_flex.pos": -1.7148014440433172,
      "wrist_flex.pos": 88.47807394668962,
      "wrist_roll.pos": -31.916971916971917
    },
    "g1": {
      "shoulder_pan.pos": 13.641324117861032,
      "shoulder_lift.pos": 17.7895630038184,
      "elbow_flex.pos": -44.85559566787004,
      "wrist_flex.pos": 81.16938950988822,
      "wrist_roll.pos": -20.537240537240535
    },
    "a4": {
      "shoulder_pan.pos": 4.692615496544207,
      "shoulder_lift.pos": -63.66991938905388,
      "elbow_flex.pos": 42.87003610108303,
      "wrist_flex.pos": 93.4651762682717,
      "wrist_roll.pos": -18.14407814407815
    },
    "b3": {
      "shoulder_pan.pos": 12.259003273917784,
      "shoulder_lift.pos": -40.50487908358083,
      "elbow_flex.pos": 27.075812274368232,
      "wrist_flex.pos": 89.33791917454857,
      "wrist_roll.pos": -16.678876678876676
    },
    "h3": {
      "shoulder_pan.pos": 4.1833393961440635,
      "shoulder_lift.pos": 9.558761137038601,
      "elbow_flex.pos": -22.74368231046931,
      "wrist_flex.pos": 57.7815993121238,
      "wrist_roll.pos": -27.716727716727718
    },
    "g3": {
      "shoulder_pan.pos": 4.0378319388868675,
      "shoulder_lift.pos": 0.1400084853627419,
      "elbow_flex.pos": -11.642599277978334,
      "wrist_flex.pos": 65.0902837489252,
      "wrist_roll.pos": -27.179487179487182
    },
    "e3": {
      "shoulder_pan.pos": 6.293197526373234,
      "shoulder_lift.pos": -23.788714467543485,
      "elbow_flex.pos": 15.252707581227426,
      "wrist_flex.pos": 64.23043852106619,
      "wrist_roll.pos": -24.2002442002442
    },
    "d8": {
      "shoulder_pan.pos": -26.373226627864682,
      "shoulder_lift.pos": -18.27322868052609,
      "elbow_flex.pos": 8.2129963898917,
      "wrist_flex.pos": 70.9372312983663,
      "wrist_roll.pos": -36.16605616605617
    },
    "h6": {
      "shoulder_pan.pos": -9.712622771917054,
      "shoulder_lift.pos": 14.649978786593124,
      "elbow_flex.pos": -35.37906137184116,
      "wrist_flex.pos": 68.09974204643163,
      "wrist_roll.pos": -38.07081807081807
    },
    "f8": {
      "shoulder_pan.pos": -21.062204437977456,
      "shoulder_lift.pos": 9.134492999575727,
      "elbow_flex.pos": -31.949458483754512,
      "wrist_flex.pos": 82.54514187446262,
      "wrist_roll.pos": -36.65445665445666
    },
    "c7": {
      "shoulder_pan.pos": -23.02655511094943,
      "shoulder_lift.pos": -17.76410691557065,
      "elbow_flex.pos": 1.805054151624546,