{
  "2026-02-25-145832.jpg": {
    "corners": [
      [
        521.6,
        190.4
      ],
      [
        1385.6000000000001,
        196.8
      ],
      [
        1272.0,
        828.8000000000001
      ],
      [
        628.8000000000001,
        822.4000000000001
      ]
    ],
    "centers": {
      "a8": [
        583.1046142578125,
        242.7248077392578
      ],
      "b8": [
        688.5664672851562,
        243.52806091308594
      ],
      "c8": [
        794.1179809570312,
        244.33197021484375
      ],
      "d8": [
        899.75927734375,
        245.13658142089844
      ],
      "e8": [
        1005.490478515625,
        245.94187927246094
      ],
      "f8": [
        1111.311767578125,
        246.7478485107422
      ],
      "g8": [
        1217.2230224609375,
        247.5545196533203
      ],
      "h8": [
        1323.224609375,
        248.3618621826172
      ],
      "a7": [
        597.5377197265625,
        340.3060302734375
      ],
      "b7": [
        698.7582397460938,
        341.11669921875
      ],
      "c7": [
        800.0613403320312,
        341.9280700683594
      ],
      "d7": [
        901.4472045898438,
        342.7400817871094
      ],
      "e7": [
        1002.9158325195312,
        343.552734375
      ],
      "f7": [
        1104.46728515625,
        344.3660888671875
      ],
      "g7": [
        1206.101806640625,
        345.1800842285156
      ],
      "h7": [
        1307.8194580078125,
        345.9947509765625
      ],
      "a6": [
        610.8536987304688,
        430.3348083496094
      ],
      "b6": [
        708.160888671875,
        431.1493835449219
      ],
      "c6": [
        805.5443725585938,
        431.9646301269531
      ],
      "d6": [
        903.0042724609375,
        432.780517578125
      ],
      "e6": [
        1000.5407104492188,
        433.5970153808594
      ],
      "f6": [
        1098.1536865234375,
        434.4141845703125
      ],
      "g6": [
        1195.8433837890625,
        435.2319641113281
      ],
      "h6": [
        1293.60986328125,
        436.0504150390625
      ],
      "a5": [
        623.1775512695312,
        513.6552734375
      ],
      "b5": [
        716.8626708984375,
        514.470947265625
      ],
      "c5": [
        810.6185302734375,
        515.2872314453125
      ],
      "d5": [
        904.4452514648438,
        516.1041259765625
      ],
      "e5": [
        998.3428344726562,
        516.9216918945312
      ],
      "f5": [
        1092.3114013671875,
        517.7398071289062
      ],
      "g5": [
        1186.35107421875,
        518.55859375
      ],
      "h5": [
        1280.4617919921875,
        519.3779907226562
      ],
      "a4": [
        634.6160278320312,
        590.990234375
      ],
      "b4": [
        724.9390869140625,
        591.8047485351562
      ],
      "c4": [
        815.3279418945312,
        592.619873046875
      ],
      "d4": [
        905.7825317382812,
        593.435546875
      ],
      "e4": [
        996.3031005859375,
        594.2518920898438
      ],
      "f4": [
        1086.8895263671875,
        595.0687255859375
      ],
      "g4": [
        1177.5421142578125,
        595.88623046875
      ],
      "h4": [
        1268.2607421875,
        596.7042846679688
      ],
      "a3": [
        645.2613525390625,
        662.96240234375
      ],
      "b3": [
        732.4552612304688,
        663.77392578125
      ],
      "c3": [
        819.7105102539062,
        664.5860595703125
      ],
      "d3": [
        907.0270385742188,
        665.3987426757812
      ],
      "e3": [
        994.4049682617188,
        666.2119750976562
      ],
      "f3": [
        1081.8443603515625,
        667.0258178710938
      ],
      "g3": [
        1169.3453369140625,
        667.8402099609375
      ],
      "h3": [
        1256.9078369140625,
        668.6551513671875
      ],
      "a2": [
        655.1931762695312,
        730.11083984375
      ],
      "b2": [
        739.467529296875,
        730.91796875
      ],
      "c2": [
        823.7991333007812,
        731.7256469726562
      ],
      "d2": [
        908.18798828125,
        732.5338745117188
      ],
      "e2": [
        992.63427734375,
        733.3426513671875
      ],
      "f2": [
        1077.137939453125,
        734.1519775390625
      ],
      "g2": [
        1161.698974609375,
        734.9618530273438
      ],
      "h2": [
        1246.317626953125,
        735.7722778320312
      ],
      "a1": [
        664.48095703125,
        792.90478515625
      ],
      "b1": [
        746.02490234375,
        793.7063598632812
      ],
      "c1": [
        827.6224365234375,
        794.5084228515625
      ],
      "d1": [
        909.2736206054688,
        795.3110961914062
      ],
      "e1": [
        990.978515625,
        796.1141967773438
      ],
      "f1": [
        1072.7371826171875,
        796.9179077148438
      ],
      "g1": [
        1154.549560546875,
        797.7221069335938
      ],
      "h1": [
        1236.415771484375,
        798.52685546875
      ]
    }
  },
  "2026-02-25-145836.jpg": {
    "corners": [
      [
        520.0,
        193.60000000000002
      ],
      [
        1387.2,
        195.20000000000002
      ],
      [
        1276.8000000000002,
        830.4000000000001
      ],
      [
        632.0,
        827.2
      ]
    ],
    "centers": {
      "a8": [
        582.0602416992188,
        245.81985473632812
      ],
      "b8": [
        687.841064453125,
        246.0421600341797
      ],
      "c8": [
        793.7321166992188,
        246.2646942138672
      ],
      "d8": [
        899.733642578125,
        246.48745727539062
      ],
      "e8": [
        1005.845703125,
        246.71046447753906
      ],
      "f8": [
        1112.0684814453125,
        246.93368530273438
      ],
      "g8": [
        1218.4022216796875,
        247.1571502685547
      ],
      "h8": [
        1324.84716796875,
        247.380859375
      ],
      "a7": [
        597.233642578125,
        343.73944091796875
      ],
      "b7": [
        698.7437133789062,
        344.001708984375
      ],
      "c7": [
        800.3552856445312,
        344.26422119140625
      ],
      "d7": [
        902.0685424804688,
        344.5269775390625
      ],
      "e7": [
        1003.8836059570312,
        344.7900085449219
      ],
      "f7": [
        1105.8006591796875,
        345.0533142089844
      ],
      "g7": [
        1207.81982421875,
        345.31689453125
      ],
      "h7": [
        1309.941162109375,
        345.5807189941406
      ],
      "a6": [
        611.2279663085938,
        434.0498352050781
      ],
      "b6": [
        708.7987060546875,
        434.34527587890625
      ],
      "c6": [
        806.4633178710938,
        434.6409912109375
      ],
      "d6": [
        904.2218017578125,
        434.9369812011719
      ],
      "e6": [
        1002.0742797851562,
        435.2332763671875
      ],
      "f6": [
        1100.02099609375,
        435.52984619140625
      ],
      "g6": [
        1198.06201171875,
        435.82672119140625
      ],
      "h6": [
        1296.197509765625,
        436.12384033203125
      ],
      "a5": [
        624.1754150390625,
        517.6047973632812
      ],
      "b5": [
        718.1012573242188,
        517.9277954101562
      ],
      "c5": [
        812.1139526367188,
        518.2511596679688
      ],
      "d5": [
        906.2136840820312,
        518.5747680664062
      ],
      "e5": [
        1000.4005737304688,
        518.8986206054688
      ],
      "f5": [
        1094.6746826171875,
        519.2228393554688
      ],
      "g5": [
        1189.0362548828125,
        519.54736328125
      ],
      "h5": [
        1283.4852294921875,
        519.8721923828125
      ],
      "a4": [
        636.1893310546875,
        595.135009765625
      ],